"ID","Process ID","Process Name","Host Name","Kernel Name","Context","Stream","Block Size","Grid Size","Device","CC","Section Name","Metric Name","Metric Unit","Metric Value"
"0","1647556","benchmark_operators","127.0.0.1","void cuda_parallel_launch_constant_memory<ParallelFor<EpsilonDivDivSimple<double, 3>, MDRangePolicy<Rank<4, 0, 0>>, Cuda>>()","1","16","(32, 2, 2)","(128, 128, 128)","0","9.0","Command line profiler metrics","dram__bytes.sum","byte","13,822,498,839,552"
"0","1647556","benchmark_operators","127.0.0.1","void cuda_parallel_launch_constant_memory<ParallelFor<EpsilonDivDivSimple<double, 3>, MDRangePolicy<Rank<4, 0, 0>>, Cuda>>()","1","16","(32, 2, 2)","(128, 128, 128)","0","9.0","Command line profiler metrics","dram__bytes_read.sum","byte","5,235,361,878,528"
"0","1647556","benchmark_operators","127.0.0.1","void cuda_parallel_launch_constant_memory<ParallelFor<EpsilonDivDivSimple<double, 3>, MDRangePolicy<Rank<4, 0, 0>>, Cuda>>()","1","16","(32, 2, 2)","(128, 128, 128)","0","9.0","Command line profiler metrics","dram__bytes_write.sum","byte","8,587,136,961,024"
"0","1647556","benchmark_operators","127.0.0.1","void cuda_parallel_launch_constant_memory<ParallelFor<EpsilonDivDivSimple<double, 3>, MDRangePolicy<Rank<4, 0, 0>>, Cuda>>()","1","16","(32, 2, 2)","(128, 128, 128)","0","9.0","Command line profiler metrics","dram__throughput.avg.pct_of_peak_sustained_elapsed","%","12.04"
"0","1647556","benchmark_operators","127.0.0.1","void cuda_parallel_launch_constant_memory<ParallelFor<EpsilonDivDivSimple<double, 3>, MDRangePolicy<Rank<4, 0, 0>>, Cuda>>()","1","16","(32, 2, 2)","(128, 128, 128)","0","9.0","Command line profiler metrics","gpu__compute_memory_throughput.avg.pct_of_peak_sustained_elapsed","%","82.09"
"0","1647556","benchmark_operators","127.0.0.1","void cuda_parallel_launch_constant_memory<ParallelFor<EpsilonDivDivSimple<double, 3>, MDRangePolicy<Rank<4, 0, 0>>, Cuda>>()","1","16","(32, 2, 2)","(128, 128, 128)","0","9.0","Command line profiler metrics","gpu__time_duration.sum","ns","46,908,320,544"
"0","1647556","benchmark_operators","127.0.0.1","void cuda_parallel_launch_constant_memory<ParallelFor<EpsilonDivDivSimple<double, 3>, MDRangePolicy<Rank<4, 0, 0>>, Cuda>>()","1","16","(32, 2, 2)","(128, 128, 128)","0","9.0","Command line profiler metrics","launch__registers_per_thread","register/thread","255"
"0","1647556","benchmark_operators","127.0.0.1","void cuda_parallel_launch_constant_memory<ParallelFor<EpsilonDivDivSimple<double, 3>, MDRangePolicy<Rank<4, 0, 0>>, Cuda>>()","1","16","(32, 2, 2)","(128, 128, 128)","0","9.0","Command line profiler metrics","launch__shared_mem_per_block_allocated","byte/block","1,024"
"0","1647556","benchmark_operators","127.0.0.1","void cuda_parallel_launch_constant_memory<ParallelFor<EpsilonDivDivSimple<double, 3>, MDRangePolicy<Rank<4, 0, 0>>, Cuda>>()","1","16","(32, 2, 2)","(128, 128, 128)","0","9.0","Command line profiler metrics","lts__t_bytes.sum","byte","231,558,692,590,432"
"0","1647556","benchmark_operators","127.0.0.1","void cuda_parallel_launch_constant_memory<ParallelFor<EpsilonDivDivSimple<double, 3>, MDRangePolicy<Rank<4, 0, 0>>, Cuda>>()","1","16","(32, 2, 2)","(128, 128, 128)","0","9.0","Command line profiler metrics","lts__throughput.avg.pct_of_peak_sustained_elapsed","%","82.09"
"0","1647556","benchmark_operators","127.0.0.1","void cuda_parallel_launch_constant_memory<ParallelFor<EpsilonDivDivSimple<double, 3>, MDRangePolicy<Rank<4, 0, 0>>, Cuda>>()","1","16","(32, 2, 2)","(128, 128, 128)","0","9.0","Command line profiler metrics","sm__throughput.avg.pct_of_peak_sustained_elapsed","%","9.06"
"0","1647556","benchmark_operators","127.0.0.1","void cuda_parallel_launch_constant_memory<ParallelFor<EpsilonDivDivSimple<double, 3>, MDRangePolicy<Rank<4, 0, 0>>, Cuda>>()","1","16","(32, 2, 2)","(128, 128, 128)","0","9.0","Command line profiler metrics","smsp__sass_thread_inst_executed_op_dadd_pred_on.sum","inst","4,833,012,613,120"
"0","1647556","benchmark_operators","127.0.0.1","void cuda_parallel_launch_constant_memory<ParallelFor<EpsilonDivDivSimple<double, 3>, MDRangePolicy<Rank<4, 0, 0>>, Cuda>>()","1","16","(32, 2, 2)","(128, 128, 128)","0","9.0","Command line profiler metrics","smsp__sass_thread_inst_executed_op_dfma_pred_on.sum","inst","28,730,311,311,360"
"0","1647556","benchmark_operators","127.0.0.1","void cuda_parallel_launch_constant_memory<ParallelFor<EpsilonDivDivSimple<double, 3>, MDRangePolicy<Rank<4, 0, 0>>, Cuda>>()","1","16","(32, 2, 2)","(128, 128, 128)","0","9.0","Command line profiler metrics","smsp__sass_thread_inst_executed_op_dmul_pred_on.sum","inst","2,440,246,067,200"
"1","1647556","benchmark_operators","127.0.0.1","void cuda_parallel_launch_constant_memory<ParallelFor<EpsilonDivDiv<double, 3>, MDRangePolicy<Rank<4, 0, 0>>, Cuda>>()","1","16","(32, 2, 2)","(128, 128, 128)","0","9.0","Command line profiler metrics","dram__bytes.sum","byte","29,580,300,868,864"
"1","1647556","benchmark_operators","127.0.0.1","void cuda_parallel_launch_constant_memory<ParallelFor<EpsilonDivDiv<double, 3>, MDRangePolicy<Rank<4, 0, 0>>, Cuda>>()","1","16","(32, 2, 2)","(128, 128, 128)","0","9.0","Command line profiler metrics","dram__bytes_read.sum","byte","8,497,038,076,160"
"1","1647556","benchmark_operators","127.0.0.1","void cuda_parallel_launch_constant_memory<ParallelFor<EpsilonDivDiv<double, 3>, MDRangePolicy<Rank<4, 0, 0>>, Cuda>>()","1","16","(32, 2, 2)","(128, 128, 128)","0","9.0","Command line profiler metrics","dram__bytes_write.sum","byte","21,083,262,792,704"
"1","1647556","benchmark_operators","127.0.0.1","void cuda_parallel_launch_constant_memory<ParallelFor<EpsilonDivDiv<double, 3>, MDRangePolicy<Rank<4, 0, 0>>, Cuda>>()","1","16","(32, 2, 2)","(128, 128, 128)","0","9.0","Command line profiler metrics","dram__throughput.avg.pct_of_peak_sustained_elapsed","%","42.56"
"1","1647556","benchmark_operators","127.0.0.1","void cuda_parallel_launch_constant_memory<ParallelFor<EpsilonDivDiv<double, 3>, MDRangePolicy<Rank<4, 0, 0>>, Cuda>>()","1","16","(32, 2, 2)","(128, 128, 128)","0","9.0","Command line profiler metrics","gpu__compute_memory_throughput.avg.pct_of_peak_sustained_elapsed","%","81.51"
"1","1647556","benchmark_operators","127.0.0.1","void cuda_parallel_launch_constant_memory<ParallelFor<EpsilonDivDiv<double, 3>, MDRangePolicy<Rank<4, 0, 0>>, Cuda>>()","1","16","(32, 2, 2)","(128, 128, 128)","0","9.0","Command line profiler metrics","gpu__time_duration.sum","ns","28,402,809,632"
"1","1647556","benchmark_operators","127.0.0.1","void cuda_parallel_launch_constant_memory<ParallelFor<EpsilonDivDiv<double, 3>, MDRangePolicy<Rank<4, 0, 0>>, Cuda>>()","1","16","(32, 2, 2)","(128, 128, 128)","0","9.0","Command line profiler metrics","launch__registers_per_thread","register/thread","255"
"1","1647556","benchmark_operators","127.0.0.1","void cuda_parallel_launch_constant_memory<ParallelFor<EpsilonDivDiv<double, 3>, MDRangePolicy<Rank<4, 0, 0>>, Cuda>>()","1","16","(32, 2, 2)","(128, 128, 128)","0","9.0","Command line profiler metrics","launch__shared_mem_per_block_allocated","byte/block","1,024"
"1","1647556","benchmark_operators","127.0.0.1","void cuda_parallel_launch_constant_memory<ParallelFor<EpsilonDivDiv<double, 3>, MDRangePolicy<Rank<4, 0, 0>>, Cuda>>()","1","16","(32, 2, 2)","(128, 128, 128)","0","9.0","Command line profiler metrics","lts__t_bytes.sum","byte","152,673,214,855,136"
"1","1647556","benchmark_operators","127.0.0.1","void cuda_parallel_launch_constant_memory<ParallelFor<EpsilonDivDiv<double, 3>, MDRangePolicy<Rank<4, 0, 0>>, Cuda>>()","1","16","(32, 2, 2)","(128, 128, 128)","0","9.0","Command line profiler metrics","lts__throughput.avg.pct_of_peak_sustained_elapsed","%","81.51"
"1","1647556","benchmark_operators","127.0.0.1","void cuda_parallel_launch_constant_memory<ParallelFor<EpsilonDivDiv<double, 3>, MDRangePolicy<Rank<4, 0, 0>>, Cuda>>()","1","16","(32, 2, 2)","(128, 128, 128)","0","9.0","Command line profiler metrics","sm__throughput.avg.pct_of_peak_sustained_elapsed","%","7.06"
"1","1647556","benchmark_operators","127.0.0.1","void cuda_parallel_launch_constant_memory<ParallelFor<EpsilonDivDiv<double, 3>, MDRangePolicy<Rank<4, 0, 0>>, Cuda>>()","1","16","(32, 2, 2)","(128, 128, 128)","0","9.0","Command line profiler metrics","smsp__sass_thread_inst_executed_op_dadd_pred_on.sum","inst","1,449,719,234,560"
"1","1647556","benchmark_operators","127.0.0.1","void cuda_parallel_launch_constant_memory<ParallelFor<EpsilonDivDiv<double, 3>, MDRangePolicy<Rank<4, 0, 0>>, Cuda>>()","1","16","(32, 2, 2)","(128, 128, 128)","0","9.0","Command line profiler metrics","smsp__sass_thread_inst_executed_op_dfma_pred_on.sum","inst","9,097,634,119,680"
"1","1647556","benchmark_operators","127.0.0.1","void cuda_parallel_launch_constant_memory<ParallelFor<EpsilonDivDiv<double, 3>, MDRangePolicy<Rank<4, 0, 0>>, Cuda>>()","1","16","(32, 2, 2)","(128, 128, 128)","0","9.0","Command line profiler metrics","smsp__sass_thread_inst_executed_op_dmul_pred_on.sum","inst","2,120,986,132,480"
"2","1647556","benchmark_operators","127.0.0.1","void cuda_parallel_launch_constant_memory<ParallelFor<epsdivdiv_history::EpsilonDivDivKerngenV01Initial<double, 3>, MDRangePolicy<Rank<4, 0, 0>>, Cuda>>()","1","16","(32, 2, 2)","(128, 128, 128)","0","9.0","Command line profiler metrics","dram__bytes.sum","byte","6,369,812,714,752"
"2","1647556","benchmark_operators","127.0.0.1","void cuda_parallel_launch_constant_memory<ParallelFor<epsdivdiv_history::EpsilonDivDivKerngenV01Initial<double, 3>, MDRangePolicy<Rank<4, 0, 0>>, Cuda>>()","1","16","(32, 2, 2)","(128, 128, 128)","0","9.0","Command line profiler metrics","dram__bytes_read.sum","byte","3,070,101,090,304"
"2","1647556","benchmark_operators","127.0.0.1","void cuda_parallel_launch_constant_memory<ParallelFor<epsdivdiv_history::EpsilonDivDivKerngenV01Initial<double, 3>, MDRangePolicy<Rank<4, 0, 0>>, Cuda>>()","1","16","(32, 2, 2)","(128, 128, 128)","0","9.0","Command line profiler metrics","dram__bytes_write.sum","byte","3,299,711,624,448"
"2","1647556","benchmark_operators","127.0.0.1","void cuda_parallel_launch_constant_memory<ParallelFor<epsdivdiv_history::EpsilonDivDivKerngenV01Initial<double, 3>, MDRangePolicy<Rank<4, 0, 0>>, Cuda>>()","1","16","(32, 2, 2)","(128, 128, 128)","0","9.0","Command line profiler metrics","dram__throughput.avg.pct_of_peak_sustained_elapsed","%","21.57"
"2","1647556","benchmark_operators","127.0.0.1","void cuda_parallel_launch_constant_memory<ParallelFor<epsdivdiv_history::EpsilonDivDivKerngenV01Initial<double, 3>, MDRangePolicy<Rank<4, 0, 0>>, Cuda>>()","1","16","(32, 2, 2)","(128, 128, 128)","0","9.0","Command line profiler metrics","gpu__compute_memory_throughput.avg.pct_of_peak_sustained_elapsed","%","82.54"
"2","1647556","benchmark_operators","127.0.0.1","void cuda_parallel_launch_constant_memory<ParallelFor<epsdivdiv_history::EpsilonDivDivKerngenV01Initial<double, 3>, MDRangePolicy<Rank<4, 0, 0>>, Cuda>>()","1","16","(32, 2, 2)","(128, 128, 128)","0","9.0","Command line profiler metrics","gpu__time_duration.sum","ns","12,067,249,376"
"2","1647556","benchmark_operators","127.0.0.1","void cuda_parallel_launch_constant_memory<ParallelFor<epsdivdiv_history::EpsilonDivDivKerngenV01Initial<double, 3>, MDRangePolicy<Rank<4, 0, 0>>, Cuda>>()","1","16","(32, 2, 2)","(128, 128, 128)","0","9.0","Command line profiler metrics","launch__registers_per_thread","register/thread","255"
"2","1647556","benchmark_operators","127.0.0.1","void cuda_parallel_launch_constant_memory<ParallelFor<epsdivdiv_history::EpsilonDivDivKerngenV01Initial<double, 3>, MDRangePolicy<Rank<4, 0, 0>>, Cuda>>()","1","16","(32, 2, 2)","(128, 128, 128)","0","9.0","Command line profiler metrics","launch__shared_mem_per_block_allocated","byte/block","1,024"
"2","1647556","benchmark_operators","127.0.0.1","void cuda_parallel_launch_constant_memory<ParallelFor<epsdivdiv_history::EpsilonDivDivKerngenV01Initial<double, 3>, MDRangePolicy<Rank<4, 0, 0>>, Cuda>>()","1","16","(32, 2, 2)","(128, 128, 128)","0","9.0","Command line profiler metrics","lts__t_bytes.sum","byte","63,614,490,421,312"
"2","1647556","benchmark_operators","127.0.0.1","void cuda_parallel_launch_constant_memory<ParallelFor<epsdivdiv_history::EpsilonDivDivKerngenV01Initial<double, 3>, MDRangePolicy<Rank<4, 0, 0>>, Cuda>>()","1","16","(32, 2, 2)","(128, 128, 128)","0","9.0","Command line profiler metrics","lts__throughput.avg.pct_of_peak_sustained_elapsed","%","82.54"
"2","1647556","benchmark_operators","127.0.0.1","void cuda_parallel_launch_constant_memory<ParallelFor<epsdivdiv_history::EpsilonDivDivKerngenV01Initial<double, 3>, MDRangePolicy<Rank<4, 0, 0>>, Cuda>>()","1","16","(32, 2, 2)","(128, 128, 128)","0","9.0","Command line profiler metrics","sm__throughput.avg.pct_of_peak_sustained_elapsed","%","8.81"
"2","1647556","benchmark_operators","127.0.0.1","void cuda_parallel_launch_constant_memory<ParallelFor<epsdivdiv_history::EpsilonDivDivKerngenV01Initial<double, 3>, MDRangePolicy<Rank<4, 0, 0>>, Cuda>>()","1","16","(32, 2, 2)","(128, 128, 128)","0","9.0","Command line profiler metrics","smsp__sass_thread_inst_executed_op_dadd_pred_on.sum","inst","700,490,711,040"
"2","1647556","benchmark_operators","127.0.0.1","void cuda_parallel_launch_constant_memory<ParallelFor<epsdivdiv_history::EpsilonDivDivKerngenV01Initial<double, 3>, MDRangePolicy<Rank<4, 0, 0>>, Cuda>>()","1","16","(32, 2, 2)","(128, 128, 128)","0","9.0","Command line profiler metrics","smsp__sass_thread_inst_executed_op_dfma_pred_on.sum","inst","2,746,561,331,200"
"2","1647556","benchmark_operators","127.0.0.1","void cuda_parallel_launch_constant_memory<ParallelFor<epsdivdiv_history::EpsilonDivDivKerngenV01Initial<double, 3>, MDRangePolicy<Rank<4, 0, 0>>, Cuda>>()","1","16","(32, 2, 2)","(128, 128, 128)","0","9.0","Command line profiler metrics","smsp__sass_thread_inst_executed_op_dmul_pred_on.sum","inst","1,111,286,087,680"
"3","1647556","benchmark_operators","127.0.0.1","void cuda_parallel_launch_constant_memory<ParallelFor<epsdivdiv_history::EpsilonDivDivKerngenV02SplitDimij<double, 3>, MDRangePolicy<Rank<4, 0, 0>>, Cuda>>()","1","16","(32, 2, 2)","(128, 128, 128)","0","9.0","Command line profiler metrics","dram__bytes.sum","byte","6,294,182,082,048"
"3","1647556","benchmark_operators","127.0.0.1","void cuda_parallel_launch_constant_memory<ParallelFor<epsdivdiv_history::EpsilonDivDivKerngenV02SplitDimij<double, 3>, MDRangePolicy<Rank<4, 0, 0>>, Cuda>>()","1","16","(32, 2, 2)","(128, 128, 128)","0","9.0","Command line profiler metrics","dram__bytes_read.sum","byte","3,470,535,735,296"
"3","1647556","benchmark_operators","127.0.0.1","void cuda_parallel_launch_constant_memory<ParallelFor<epsdivdiv_history::EpsilonDivDivKerngenV02SplitDimij<double, 3>, MDRangePolicy<Rank<4, 0, 0>>, Cuda>>()","1","16","(32, 2, 2)","(128, 128, 128)","0","9.0","Command line profiler metrics","dram__bytes_write.sum","byte","2,823,646,346,752"
"3","1647556","benchmark_operators","127.0.0.1","void cuda_parallel_launch_constant_memory<ParallelFor<epsdivdiv_history::EpsilonDivDivKerngenV02SplitDimij<double, 3>, MDRangePolicy<Rank<4, 0, 0>>, Cuda>>()","1","16","(32, 2, 2)","(128, 128, 128)","0","9.0","Command line profiler metrics","dram__throughput.avg.pct_of_peak_sustained_elapsed","%","52.88"
"3","1647556","benchmark_operators","127.0.0.1","void cuda_parallel_launch_constant_memory<ParallelFor<epsdivdiv_history::EpsilonDivDivKerngenV02SplitDimij<double, 3>, MDRangePolicy<Rank<4, 0, 0>>, Cuda>>()","1","16","(32, 2, 2)","(128, 128, 128)","0","9.0","Command line profiler metrics","gpu__compute_memory_throughput.avg.pct_of_peak_sustained_elapsed","%","52.88"
"3","1647556","benchmark_operators","127.0.0.1","void cuda_parallel_launch_constant_memory<ParallelFor<epsdivdiv_history::EpsilonDivDivKerngenV02SplitDimij<double, 3>, MDRangePolicy<Rank<4, 0, 0>>, Cuda>>()","1","16","(32, 2, 2)","(128, 128, 128)","0","9.0","Command line profiler metrics","gpu__time_duration.sum","ns","4,864,111,840"
"3","1647556","benchmark_operators","127.0.0.1","void cuda_parallel_launch_constant_memory<ParallelFor<epsdivdiv_history::EpsilonDivDivKerngenV02SplitDimij<double, 3>, MDRangePolicy<Rank<4, 0, 0>>, Cuda>>()","1","16","(32, 2, 2)","(128, 128, 128)","0","9.0","Command line profiler metrics","launch__registers_per_thread","register/thread","255"
"3","1647556","benchmark_operators","127.0.0.1","void cuda_parallel_launch_constant_memory<ParallelFor<epsdivdiv_history::EpsilonDivDivKerngenV02SplitDimij<double, 3>, MDRangePolicy<Rank<4, 0, 0>>, Cuda>>()","1","16","(32, 2, 2)","(128, 128, 128)","0","9.0","Command line profiler metrics","launch__shared_mem_per_block_allocated","byte/block","1,024"
"3","1647556","benchmark_operators","127.0.0.1","void cuda_parallel_launch_constant_memory<ParallelFor<epsdivdiv_history::EpsilonDivDivKerngenV02SplitDimij<double, 3>, MDRangePolicy<Rank<4, 0, 0>>, Cuda>>()","1","16","(32, 2, 2)","(128, 128, 128)","0","9.0","Command line profiler metrics","lts__t_bytes.sum","byte","12,026,021,697,376"
"3","1647556","benchmark_operators","127.0.0.1","void cuda_parallel_launch_constant_memory<ParallelFor<epsdivdiv_history::EpsilonDivDivKerngenV02SplitDimij<double, 3>, MDRangePolicy<Rank<4, 0, 0>>, Cuda>>()","1","16","(32, 2, 2)","(128, 128, 128)","0","9.0","Command line profiler metrics","lts__throughput.avg.pct_of_peak_sustained_elapsed","%","32.24"
"3","1647556","benchmark_operators","127.0.0.1","void cuda_parallel_launch_constant_memory<ParallelFor<epsdivdiv_history::EpsilonDivDivKerngenV02SplitDimij<double, 3>, MDRangePolicy<Rank<4, 0, 0>>, Cuda>>()","1","16","(32, 2, 2)","(128, 128, 128)","0","9.0","Command line profiler metrics","sm__throughput.avg.pct_of_peak_sustained_elapsed","%","5.98"
"3","1647556","benchmark_operators","127.0.0.1","void cuda_parallel_launch_constant_memory<ParallelFor<epsdivdiv_history::EpsilonDivDivKerngenV02SplitDimij<double, 3>, MDRangePolicy<Rank<4, 0, 0>>, Cuda>>()","1","16","(32, 2, 2)","(128, 128, 128)","0","9.0","Command line profiler metrics","smsp__sass_thread_inst_executed_op_dadd_pred_on.sum","inst","144,593,387,520"
"3","1647556","benchmark_operators","127.0.0.1","void cuda_parallel_launch_constant_memory<ParallelFor<epsdivdiv_history::EpsilonDivDivKerngenV02SplitDimij<double, 3>, MDRangePolicy<Rank<4, 0, 0>>, Cuda>>()","1","16","(32, 2, 2)","(128, 128, 128)","0","9.0","Command line profiler metrics","smsp__sass_thread_inst_executed_op_dfma_pred_on.sum","inst","990,301,388,800"
"3","1647556","benchmark_operators","127.0.0.1","void cuda_parallel_launch_constant_memory<ParallelFor<epsdivdiv_history::EpsilonDivDivKerngenV02SplitDimij<double, 3>, MDRangePolicy<Rank<4, 0, 0>>, Cuda>>()","1","16","(32, 2, 2)","(128, 128, 128)","0","9.0","Command line profiler metrics","smsp__sass_thread_inst_executed_op_dmul_pred_on.sum","inst","214,863,708,160"
"4","1647556","benchmark_operators","127.0.0.1","void cuda_parallel_launch_constant_memory<ParallelFor<epsdivdiv_history::EpsilonDivDivKerngenV03TeamsPrecomp<double, 3>, MDRangePolicy<Rank<3, 0, 0>>, Cuda>>()","1","16","(16, 2, 2)","(1, 128, 128)","0","9.0","Command line profiler metrics","dram__bytes.sum","byte","141,202,176"
"4","1647556","benchmark_operators","127.0.0.1","void cuda_parallel_launch_constant_memory<ParallelFor<epsdivdiv_history::EpsilonDivDivKerngenV03TeamsPrecomp<double, 3>, MDRangePolicy<Rank<3, 0, 0>>, Cuda>>()","1","16","(16, 2, 2)","(1, 128, 128)","0","9.0","Command line profiler metrics","dram__bytes_read.sum","byte","30,227,200"
"4","1647556","benchmark_operators","127.0.0.1","void cuda_parallel_launch_constant_memory<ParallelFor<epsdivdiv_history::EpsilonDivDivKerngenV03TeamsPrecomp<double, 3>, MDRangePolicy<Rank<3, 0, 0>>, Cuda>>()","1","16","(16, 2, 2)","(1, 128, 128)","0","9.0","Command line profiler metrics","dram__bytes_write.sum","byte","110,974,976"
"4","1647556","benchmark_operators","127.0.0.1","void cuda_parallel_launch_constant_memory<ParallelFor<epsdivdiv_history::EpsilonDivDivKerngenV03TeamsPrecomp<double, 3>, MDRangePolicy<Rank<3, 0, 0>>, Cuda>>()","1","16","(16, 2, 2)","(1, 128, 128)","0","9.0","Command line profiler metrics","dram__throughput.avg.pct_of_peak_sustained_elapsed","%","19.85"
"4","1647556","benchmark_operators","127.0.0.1","void cuda_parallel_launch_constant_memory<ParallelFor<epsdivdiv_history::EpsilonDivDivKerngenV03TeamsPrecomp<double, 3>, MDRangePolicy<Rank<3, 0, 0>>, Cuda>>()","1","16","(16, 2, 2)","(1, 128, 128)","0","9.0","Command line profiler metrics","gpu__compute_memory_throughput.avg.pct_of_peak_sustained_elapsed","%","78.39"
"4","1647556","benchmark_operators","127.0.0.1","void cuda_parallel_launch_constant_memory<ParallelFor<epsdivdiv_history::EpsilonDivDivKerngenV03TeamsPrecomp<double, 3>, MDRangePolicy<Rank<3, 0, 0>>, Cuda>>()","1","16","(16, 2, 2)","(1, 128, 128)","0","9.0","Command line profiler metrics","gpu__time_duration.sum","ns","290,752"
"4","1647556","benchmark_operators","127.0.0.1","void cuda_parallel_launch_constant_memory<ParallelFor<epsdivdiv_history::EpsilonDivDivKerngenV03TeamsPrecomp<double, 3>, MDRangePolicy<Rank<3, 0, 0>>, Cuda>>()","1","16","(16, 2, 2)","(1, 128, 128)","0","9.0","Command line profiler metrics","launch__registers_per_thread","register/thread","88"
"4","1647556","benchmark_operators","127.0.0.1","void cuda_parallel_launch_constant_memory<ParallelFor<epsdivdiv_history::EpsilonDivDivKerngenV03TeamsPrecomp<double, 3>, MDRangePolicy<Rank<3, 0, 0>>, Cuda>>()","1","16","(16, 2, 2)","(1, 128, 128)","0","9.0","Command line profiler metrics","launch__shared_mem_per_block_allocated","byte/block","1,024"
"4","1647556","benchmark_operators","127.0.0.1","void cuda_parallel_launch_constant_memory<ParallelFor<epsdivdiv_history::EpsilonDivDivKerngenV03TeamsPrecomp<double, 3>, MDRangePolicy<Rank<3, 0, 0>>, Cuda>>()","1","16","(16, 2, 2)","(1, 128, 128)","0","9.0","Command line profiler metrics","lts__t_bytes.sum","byte","1,011,553,728"
"4","1647556","benchmark_operators","127.0.0.1","void cuda_parallel_launch_constant_memory<ParallelFor<epsdivdiv_history::EpsilonDivDivKerngenV03TeamsPrecomp<double, 3>, MDRangePolicy<Rank<3, 0, 0>>, Cuda>>()","1","16","(16, 2, 2)","(1, 128, 128)","0","9.0","Command line profiler metrics","lts__throughput.avg.pct_of_peak_sustained_elapsed","%","78.39"
"4","1647556","benchmark_operators","127.0.0.1","void cuda_parallel_launch_constant_memory<ParallelFor<epsdivdiv_history::EpsilonDivDivKerngenV03TeamsPrecomp<double, 3>, MDRangePolicy<Rank<3, 0, 0>>, Cuda>>()","1","16","(16, 2, 2)","(1, 128, 128)","0","9.0","Command line profiler metrics","sm__throughput.avg.pct_of_peak_sustained_elapsed","%","10.36"
"4","1647556","benchmark_operators","127.0.0.1","void cuda_parallel_launch_constant_memory<ParallelFor<epsdivdiv_history::EpsilonDivDivKerngenV03TeamsPrecomp<double, 3>, MDRangePolicy<Rank<3, 0, 0>>, Cuda>>()","1","16","(16, 2, 2)","(1, 128, 128)","0","9.0","Command line profiler metrics","smsp__sass_thread_inst_executed_op_dadd_pred_on.sum","inst","24,903,680"
"4","1647556","benchmark_operators","127.0.0.1","void cuda_parallel_launch_constant_memory<ParallelFor<epsdivdiv_history::EpsilonDivDivKerngenV03TeamsPrecomp<double, 3>, MDRangePolicy<Rank<3, 0, 0>>, Cuda>>()","1","16","(16, 2, 2)","(1, 128, 128)","0","9.0","Command line profiler metrics","smsp__sass_thread_inst_executed_op_dfma_pred_on.sum","inst","28,835,840"
"4","1647556","benchmark_operators","127.0.0.1","void cuda_parallel_launch_constant_memory<ParallelFor<epsdivdiv_history::EpsilonDivDivKerngenV03TeamsPrecomp<double, 3>, MDRangePolicy<Rank<3, 0, 0>>, Cuda>>()","1","16","(16, 2, 2)","(1, 128, 128)","0","9.0","Command line profiler metrics","smsp__sass_thread_inst_executed_op_dmul_pred_on.sum","inst","28,835,840"
"5","1647556","benchmark_operators","127.0.0.1","void cuda_parallel_launch_constant_memory<ParallelFor<epsdivdiv_history::EpsilonDivDivKerngenV03TeamsPrecomp<double, 3>, TeamPolicy<>, Cuda>>()","1","16","(1, 128, 1)","(1310720, 1, 1)","0","9.0","Command line profiler metrics","dram__bytes.sum","byte","108,421,014,784"
"5","1647556","benchmark_operators","127.0.0.1","void cuda_parallel_launch_constant_memory<ParallelFor<epsdivdiv_history::EpsilonDivDivKerngenV03TeamsPrecomp<double, 3>, TeamPolicy<>, Cuda>>()","1","16","(1, 128, 1)","(1310720, 1, 1)","0","9.0","Command line profiler metrics","dram__bytes_read.sum","byte","14,055,222,272"
"5","1647556","benchmark_operators","127.0.0.1","void cuda_parallel_launch_constant_memory<ParallelFor<epsdivdiv_history::EpsilonDivDivKerngenV03TeamsPrecomp<double, 3>, TeamPolicy<>, Cuda>>()","1","16","(1, 128, 1)","(1310720, 1, 1)","0","9.0","Command line profiler metrics","dram__bytes_write.sum","byte","94,365,792,512"
"5","1647556","benchmark_operators","127.0.0.1","void cuda_parallel_launch_constant_memory<ParallelFor<epsdivdiv_history::EpsilonDivDivKerngenV03TeamsPrecomp<double, 3>, TeamPolicy<>, Cuda>>()","1","16","(1, 128, 1)","(1310720, 1, 1)","0","9.0","Command line profiler metrics","dram__throughput.avg.pct_of_peak_sustained_elapsed","%","14.32"
"5","1647556","benchmark_operators","127.0.0.1","void cuda_parallel_launch_constant_memory<ParallelFor<epsdivdiv_history::EpsilonDivDivKerngenV03TeamsPrecomp<double, 3>, TeamPolicy<>, Cuda>>()","1","16","(1, 128, 1)","(1310720, 1, 1)","0","9.0","Command line profiler metrics","gpu__compute_memory_throughput.avg.pct_of_peak_sustained_elapsed","%","59.26"
"5","1647556","benchmark_operators","127.0.0.1","void cuda_parallel_launch_constant_memory<ParallelFor<epsdivdiv_history::EpsilonDivDivKerngenV03TeamsPrecomp<double, 3>, TeamPolicy<>, Cuda>>()","1","16","(1, 128, 1)","(1310720, 1, 1)","0","9.0","Command line profiler metrics","gpu__time_duration.sum","ns","309,328,000"
"5","1647556","benchmark_operators","127.0.0.1","void cuda_parallel_launch_constant_memory<ParallelFor<epsdivdiv_history::EpsilonDivDivKerngenV03TeamsPrecomp<double, 3>, TeamPolicy<>, Cuda>>()","1","16","(1, 128, 1)","(1310720, 1, 1)","0","9.0","Command line profiler metrics","launch__registers_per_thread","register/thread","255"
"5","1647556","benchmark_operators","127.0.0.1","void cuda_parallel_launch_constant_memory<ParallelFor<epsdivdiv_history::EpsilonDivDivKerngenV03TeamsPrecomp<double, 3>, TeamPolicy<>, Cuda>>()","1","16","(1, 128, 1)","(1310720, 1, 1)","0","9.0","Command line profiler metrics","launch__shared_mem_per_block_allocated","byte/block","2,304"
"5","1647556","benchmark_operators","127.0.0.1","void cuda_parallel_launch_constant_memory<ParallelFor<epsdivdiv_history::EpsilonDivDivKerngenV03TeamsPrecomp<double, 3>, TeamPolicy<>, Cuda>>()","1","16","(1, 128, 1)","(1310720, 1, 1)","0","9.0","Command line profiler metrics","lts__t_bytes.sum","byte","1,317,485,610,176"
"5","1647556","benchmark_operators","127.0.0.1","void cuda_parallel_launch_constant_memory<ParallelFor<epsdivdiv_history::EpsilonDivDivKerngenV03TeamsPrecomp<double, 3>, TeamPolicy<>, Cuda>>()","1","16","(1, 128, 1)","(1310720, 1, 1)","0","9.0","Command line profiler metrics","lts__throughput.avg.pct_of_peak_sustained_elapsed","%","59.38"
"5","1647556","benchmark_operators","127.0.0.1","void cuda_parallel_launch_constant_memory<ParallelFor<epsdivdiv_history::EpsilonDivDivKerngenV03TeamsPrecomp<double, 3>, TeamPolicy<>, Cuda>>()","1","16","(1, 128, 1)","(1310720, 1, 1)","0","9.0","Command line profiler metrics","sm__throughput.avg.pct_of_peak_sustained_elapsed","%","17.14"
"5","1647556","benchmark_operators","127.0.0.1","void cuda_parallel_launch_constant_memory<ParallelFor<epsdivdiv_history::EpsilonDivDivKerngenV03TeamsPrecomp<double, 3>, TeamPolicy<>, Cuda>>()","1","16","(1, 128, 1)","(1310720, 1, 1)","0","9.0","Command line profiler metrics","smsp__sass_thread_inst_executed_op_dadd_pred_on.sum","inst","80,315,678,720"
"5","1647556","benchmark_operators","127.0.0.1","void cuda_parallel_launch_constant_memory<ParallelFor<epsdivdiv_history::EpsilonDivDivKerngenV03TeamsPrecomp<double, 3>, TeamPolicy<>, Cuda>>()","1","16","(1, 128, 1)","(1310720, 1, 1)","0","9.0","Command line profiler metrics","smsp__sass_thread_inst_executed_op_dfma_pred_on.sum","inst","221,860,331,520"
"5","1647556","benchmark_operators","127.0.0.1","void cuda_parallel_launch_constant_memory<ParallelFor<epsdivdiv_history::EpsilonDivDivKerngenV03TeamsPrecomp<double, 3>, TeamPolicy<>, Cuda>>()","1","16","(1, 128, 1)","(1310720, 1, 1)","0","9.0","Command line profiler metrics","smsp__sass_thread_inst_executed_op_dmul_pred_on.sum","inst","51,697,418,240"
"6","1647556","benchmark_operators","127.0.0.1","void cuda_parallel_launch_constant_memory<ParallelFor<epsdivdiv_history::EpsilonDivDivKerngenV04ShmemCoords<double, 3>, TeamPolicy<>, Cuda>>()","1","16","(1, 128, 1)","(1310720, 1, 1)","0","9.0","Command line profiler metrics","dram__bytes.sum","byte","22,644,008,448"
"6","1647556","benchmark_operators","127.0.0.1","void cuda_parallel_launch_constant_memory<ParallelFor<epsdivdiv_history::EpsilonDivDivKerngenV04ShmemCoords<double, 3>, TeamPolicy<>, Cuda>>()","1","16","(1, 128, 1)","(1310720, 1, 1)","0","9.0","Command line profiler metrics","dram__bytes_read.sum","byte","9,871,608,064"
"6","1647556","benchmark_operators","127.0.0.1","void cuda_parallel_launch_constant_memory<ParallelFor<epsdivdiv_history::EpsilonDivDivKerngenV04ShmemCoords<double, 3>, TeamPolicy<>, Cuda>>()","1","16","(1, 128, 1)","(1310720, 1, 1)","0","9.0","Command line profiler metrics","dram__bytes_write.sum","byte","12,772,400,384"
"6","1647556","benchmark_operators","127.0.0.1","void cuda_parallel_launch_constant_memory<ParallelFor<epsdivdiv_history::EpsilonDivDivKerngenV04ShmemCoords<double, 3>, TeamPolicy<>, Cuda>>()","1","16","(1, 128, 1)","(1310720, 1, 1)","0","9.0","Command line profiler metrics","dram__throughput.avg.pct_of_peak_sustained_elapsed","%","9.78"
"6","1647556","benchmark_operators","127.0.0.1","void cuda_parallel_launch_constant_memory<ParallelFor<epsdivdiv_history::EpsilonDivDivKerngenV04ShmemCoords<double, 3>, TeamPolicy<>, Cuda>>()","1","16","(1, 128, 1)","(1310720, 1, 1)","0","9.0","Command line profiler metrics","gpu__compute_memory_throughput.avg.pct_of_peak_sustained_elapsed","%","47.25"
"6","1647556","benchmark_operators","127.0.0.1","void cuda_parallel_launch_constant_memory<ParallelFor<epsdivdiv_history::EpsilonDivDivKerngenV04ShmemCoords<double, 3>, TeamPolicy<>, Cuda>>()","1","16","(1, 128, 1)","(1310720, 1, 1)","0","9.0","Command line profiler metrics","gpu__time_duration.sum","ns","94,661,056"
"6","1647556","benchmark_operators","127.0.0.1","void cuda_parallel_launch_constant_memory<ParallelFor<epsdivdiv_history::EpsilonDivDivKerngenV04ShmemCoords<double, 3>, TeamPolicy<>, Cuda>>()","1","16","(1, 128, 1)","(1310720, 1, 1)","0","9.0","Command line profiler metrics","launch__registers_per_thread","register/thread","255"
"6","1647556","benchmark_operators","127.0.0.1","void cuda_parallel_launch_constant_memory<ParallelFor<epsdivdiv_history::EpsilonDivDivKerngenV04ShmemCoords<double, 3>, TeamPolicy<>, Cuda>>()","1","16","(1, 128, 1)","(1310720, 1, 1)","0","9.0","Command line profiler metrics","launch__shared_mem_per_block_allocated","byte/block","2,304"
"6","1647556","benchmark_operators","127.0.0.1","void cuda_parallel_launch_constant_memory<ParallelFor<epsdivdiv_history::EpsilonDivDivKerngenV04ShmemCoords<double, 3>, TeamPolicy<>, Cuda>>()","1","16","(1, 128, 1)","(1310720, 1, 1)","0","9.0","Command line profiler metrics","lts__t_bytes.sum","byte","316,380,114,464"
"6","1647556","benchmark_operators","127.0.0.1","void cuda_parallel_launch_constant_memory<ParallelFor<epsdivdiv_history::EpsilonDivDivKerngenV04ShmemCoords<double, 3>, TeamPolicy<>, Cuda>>()","1","16","(1, 128, 1)","(1310720, 1, 1)","0","9.0","Command line profiler metrics","lts__throughput.avg.pct_of_peak_sustained_elapsed","%","47.25"
"6","1647556","benchmark_operators","127.0.0.1","void cuda_parallel_launch_constant_memory<ParallelFor<epsdivdiv_history::EpsilonDivDivKerngenV04ShmemCoords<double, 3>, TeamPolicy<>, Cuda>>()","1","16","(1, 128, 1)","(1310720, 1, 1)","0","9.0","Command line profiler metrics","sm__throughput.avg.pct_of_peak_sustained_elapsed","%","27.67"
"6","1647556","benchmark_operators","127.0.0.1","void cuda_parallel_launch_constant_memory<ParallelFor<epsdivdiv_history::EpsilonDivDivKerngenV04ShmemCoords<double, 3>, TeamPolicy<>, Cuda>>()","1","16","(1, 128, 1)","(1310720, 1, 1)","0","9.0","Command line profiler metrics","smsp__sass_thread_inst_executed_op_dadd_pred_on.sum","inst","13,086,228,480"
"6","1647556","benchmark_operators","127.0.0.1","void cuda_parallel_launch_constant_memory<ParallelFor<epsdivdiv_history::EpsilonDivDivKerngenV04ShmemCoords<double, 3>, TeamPolicy<>, Cuda>>()","1","16","(1, 128, 1)","(1310720, 1, 1)","0","9.0","Command line profiler metrics","smsp__sass_thread_inst_executed_op_dfma_pred_on.sum","inst","191,171,133,440"
"6","1647556","benchmark_operators","127.0.0.1","void cuda_parallel_launch_constant_memory<ParallelFor<epsdivdiv_history::EpsilonDivDivKerngenV04ShmemCoords<double, 3>, TeamPolicy<>, Cuda>>()","1","16","(1, 128, 1)","(1310720, 1, 1)","0","9.0","Command line profiler metrics","smsp__sass_thread_inst_executed_op_dmul_pred_on.sum","inst","77,518,602,240"
"7","1647556","benchmark_operators","127.0.0.1","void cuda_parallel_launch_constant_memory<ParallelFor<epsdivdiv_history::EpsilonDivDivKerngenV05ShmemSrcK<double, 3>, TeamPolicy<>, Cuda>>()","1","16","(1, 128, 1)","(1310720, 1, 1)","0","9.0","Command line profiler metrics","dram__bytes.sum","byte","16,724,889,344"
"7","1647556","benchmark_operators","127.0.0.1","void cuda_parallel_launch_constant_memory<ParallelFor<epsdivdiv_history::EpsilonDivDivKerngenV05ShmemSrcK<double, 3>, TeamPolicy<>, Cuda>>()","1","16","(1, 128, 1)","(1310720, 1, 1)","0","9.0","Command line profiler metrics","dram__bytes_read.sum","byte","9,735,448,064"
"7","1647556","benchmark_operators","127.0.0.1","void cuda_parallel_launch_constant_memory<ParallelFor<epsdivdiv_history::EpsilonDivDivKerngenV05ShmemSrcK<double, 3>, TeamPolicy<>, Cuda>>()","1","16","(1, 128, 1)","(1310720, 1, 1)","0","9.0","Command line profiler metrics","dram__bytes_write.sum","byte","6,989,441,280"
"7","1647556","benchmark_operators","127.0.0.1","void cuda_parallel_launch_constant_memory<ParallelFor<epsdivdiv_history::EpsilonDivDivKerngenV05ShmemSrcK<double, 3>, TeamPolicy<>, Cuda>>()","1","16","(1, 128, 1)","(1310720, 1, 1)","0","9.0","Command line profiler metrics","dram__throughput.avg.pct_of_peak_sustained_elapsed","%","10.56"
"7","1647556","benchmark_operators","127.0.0.1","void cuda_parallel_launch_constant_memory<ParallelFor<epsdivdiv_history::EpsilonDivDivKerngenV05ShmemSrcK<double, 3>, TeamPolicy<>, Cuda>>()","1","16","(1, 128, 1)","(1310720, 1, 1)","0","9.0","Command line profiler metrics","gpu__compute_memory_throughput.avg.pct_of_peak_sustained_elapsed","%","61.65"
"7","1647556","benchmark_operators","127.0.0.1","void cuda_parallel_launch_constant_memory<ParallelFor<epsdivdiv_history::EpsilonDivDivKerngenV05ShmemSrcK<double, 3>, TeamPolicy<>, Cuda>>()","1","16","(1, 128, 1)","(1310720, 1, 1)","0","9.0","Command line profiler metrics","gpu__time_duration.sum","ns","64,716,896"
"7","1647556","benchmark_operators","127.0.0.1","void cuda_parallel_launch_constant_memory<ParallelFor<epsdivdiv_history::EpsilonDivDivKerngenV05ShmemSrcK<double, 3>, TeamPolicy<>, Cuda>>()","1","16","(1, 128, 1)","(1310720, 1, 1)","0","9.0","Command line profiler metrics","launch__registers_per_thread","register/thread","108"
"7","1647556","benchmark_operators","127.0.0.1","void cuda_parallel_launch_constant_memory<ParallelFor<epsdivdiv_history::EpsilonDivDivKerngenV05ShmemSrcK<double, 3>, TeamPolicy<>, Cuda>>()","1","16","(1, 128, 1)","(1310720, 1, 1)","0","9.0","Command line profiler metrics","launch__shared_mem_per_block_allocated","byte/block","18,816"
"7","1647556","benchmark_operators","127.0.0.1","void cuda_parallel_launch_constant_memory<ParallelFor<epsdivdiv_history::EpsilonDivDivKerngenV05ShmemSrcK<double, 3>, TeamPolicy<>, Cuda>>()","1","16","(1, 128, 1)","(1310720, 1, 1)","0","9.0","Command line profiler metrics","lts__t_bytes.sum","byte","217,893,897,728"
"7","1647556","benchmark_operators","127.0.0.1","void cuda_parallel_launch_constant_memory<ParallelFor<epsdivdiv_history::EpsilonDivDivKerngenV05ShmemSrcK<double, 3>, TeamPolicy<>, Cuda>>()","1","16","(1, 128, 1)","(1310720, 1, 1)","0","9.0","Command line profiler metrics","lts__throughput.avg.pct_of_peak_sustained_elapsed","%","46.46"
"7","1647556","benchmark_operators","127.0.0.1","void cuda_parallel_launch_constant_memory<ParallelFor<epsdivdiv_history::EpsilonDivDivKerngenV05ShmemSrcK<double, 3>, TeamPolicy<>, Cuda>>()","1","16","(1, 128, 1)","(1310720, 1, 1)","0","9.0","Command line profiler metrics","sm__throughput.avg.pct_of_peak_sustained_elapsed","%","36.48"
"7","1647556","benchmark_operators","127.0.0.1","void cuda_parallel_launch_constant_memory<ParallelFor<epsdivdiv_history::EpsilonDivDivKerngenV05ShmemSrcK<double, 3>, TeamPolicy<>, Cuda>>()","1","16","(1, 128, 1)","(1310720, 1, 1)","0","9.0","Command line profiler metrics","smsp__sass_thread_inst_executed_op_dadd_pred_on.sum","inst","15,427,174,400"
"7","1647556","benchmark_operators","127.0.0.1","void cuda_parallel_launch_constant_memory<ParallelFor<epsdivdiv_history::EpsilonDivDivKerngenV05ShmemSrcK<double, 3>, TeamPolicy<>, Cuda>>()","1","16","(1, 128, 1)","(1310720, 1, 1)","0","9.0","Command line profiler metrics","smsp__sass_thread_inst_executed_op_dfma_pred_on.sum","inst","184,156,160,000"
"7","1647556","benchmark_operators","127.0.0.1","void cuda_parallel_launch_constant_memory<ParallelFor<epsdivdiv_history::EpsilonDivDivKerngenV05ShmemSrcK<double, 3>, TeamPolicy<>, Cuda>>()","1","16","(1, 128, 1)","(1310720, 1, 1)","0","9.0","Command line profiler metrics","smsp__sass_thread_inst_executed_op_dmul_pred_on.sum","inst","77,518,602,240"
"8","1647556","benchmark_operators","127.0.0.1","void cuda_parallel_launch_constant_memory<ParallelFor<epsdivdiv_history::EpsilonDivDivKerngenV06XyTiling<double, 3>, TeamPolicy<>, Cuda>>()","1","16","(1, 128, 1)","(1310720, 1, 1)","0","9.0","Command line profiler metrics","dram__bytes.sum","byte","51,208,171,008"
"8","1647556","benchmark_operators","127.0.0.1","void cuda_parallel_launch_constant_memory<ParallelFor<epsdivdiv_history::EpsilonDivDivKerngenV06XyTiling<double, 3>, TeamPolicy<>, Cuda>>()","1","16","(1, 128, 1)","(1310720, 1, 1)","0","9.0","Command line profiler metrics","dram__bytes_read.sum","byte","12,251,581,952"
"8","1647556","benchmark_operators","127.0.0.1","void cuda_parallel_launch_constant_memory<ParallelFor<epsdivdiv_history::EpsilonDivDivKerngenV06XyTiling<double, 3>, TeamPolicy<>, Cuda>>()","1","16","(1, 128, 1)","(1310720, 1, 1)","0","9.0","Command line profiler metrics","dram__bytes_write.sum","byte","38,956,589,056"
"8","1647556","benchmark_operators","127.0.0.1","void cuda_parallel_launch_constant_memory<ParallelFor<epsdivdiv_history::EpsilonDivDivKerngenV06XyTiling<double, 3>, TeamPolicy<>, Cuda>>()","1","16","(1, 128, 1)","(1310720, 1, 1)","0","9.0","Command line profiler metrics","dram__throughput.avg.pct_of_peak_sustained_elapsed","%","29.15"
"8","1647556","benchmark_operators","127.0.0.1","void cuda_parallel_launch_constant_memory<ParallelFor<epsdivdiv_history::EpsilonDivDivKerngenV06XyTiling<double, 3>, TeamPolicy<>, Cuda>>()","1","16","(1, 128, 1)","(1310720, 1, 1)","0","9.0","Command line profiler metrics","gpu__compute_memory_throughput.avg.pct_of_peak_sustained_elapsed","%","83.43"
"8","1647556","benchmark_operators","127.0.0.1","void cuda_parallel_launch_constant_memory<ParallelFor<epsdivdiv_history::EpsilonDivDivKerngenV06XyTiling<double, 3>, TeamPolicy<>, Cuda>>()","1","16","(1, 128, 1)","(1310720, 1, 1)","0","9.0","Command line profiler metrics","gpu__time_duration.sum","ns","71,797,088"
"8","1647556","benchmark_operators","127.0.0.1","void cuda_parallel_launch_constant_memory<ParallelFor<epsdivdiv_history::EpsilonDivDivKerngenV06XyTiling<double, 3>, TeamPolicy<>, Cuda>>()","1","16","(1, 128, 1)","(1310720, 1, 1)","0","9.0","Command line profiler metrics","launch__registers_per_thread","register/thread","88"
"8","1647556","benchmark_operators","127.0.0.1","void cuda_parallel_launch_constant_memory<ParallelFor<epsdivdiv_history::EpsilonDivDivKerngenV06XyTiling<double, 3>, TeamPolicy<>, Cuda>>()","1","16","(1, 128, 1)","(1310720, 1, 1)","0","9.0","Command line profiler metrics","launch__shared_mem_per_block_allocated","byte/block","9,984"
"8","1647556","benchmark_operators","127.0.0.1","void cuda_parallel_launch_constant_memory<ParallelFor<epsdivdiv_history::EpsilonDivDivKerngenV06XyTiling<double, 3>, TeamPolicy<>, Cuda>>()","1","16","(1, 128, 1)","(1310720, 1, 1)","0","9.0","Command line profiler metrics","lts__t_bytes.sum","byte","377,186,105,120"
"8","1647556","benchmark_operators","127.0.0.1","void cuda_parallel_launch_constant_memory<ParallelFor<epsdivdiv_history::EpsilonDivDivKerngenV06XyTiling<double, 3>, TeamPolicy<>, Cuda>>()","1","16","(1, 128, 1)","(1310720, 1, 1)","0","9.0","Command line profiler metrics","lts__throughput.avg.pct_of_peak_sustained_elapsed","%","83.43"
"8","1647556","benchmark_operators","127.0.0.1","void cuda_parallel_launch_constant_memory<ParallelFor<epsdivdiv_history::EpsilonDivDivKerngenV06XyTiling<double, 3>, TeamPolicy<>, Cuda>>()","1","16","(1, 128, 1)","(1310720, 1, 1)","0","9.0","Command line profiler metrics","sm__throughput.avg.pct_of_peak_sustained_elapsed","%","39.11"
"8","1647556","benchmark_operators","127.0.0.1","void cuda_parallel_launch_constant_memory<ParallelFor<epsdivdiv_history::EpsilonDivDivKerngenV06XyTiling<double, 3>, TeamPolicy<>, Cuda>>()","1","16","(1, 128, 1)","(1310720, 1, 1)","0","9.0","Command line profiler metrics","smsp__sass_thread_inst_executed_op_dadd_pred_on.sum","inst","25,454,182,400"
"8","1647556","benchmark_operators","127.0.0.1","void cuda_parallel_launch_constant_memory<ParallelFor<epsdivdiv_history::EpsilonDivDivKerngenV06XyTiling<double, 3>, TeamPolicy<>, Cuda>>()","1","16","(1, 128, 1)","(1310720, 1, 1)","0","9.0","Command line profiler metrics","smsp__sass_thread_inst_executed_op_dfma_pred_on.sum","inst","174,129,152,000"
"8","1647556","benchmark_operators","127.0.0.1","void cuda_parallel_launch_constant_memory<ParallelFor<epsdivdiv_history::EpsilonDivDivKerngenV06XyTiling<double, 3>, TeamPolicy<>, Cuda>>()","1","16","(1, 128, 1)","(1310720, 1, 1)","0","9.0","Command line profiler metrics","smsp__sass_thread_inst_executed_op_dmul_pred_on.sum","inst","77,518,602,240"
"9","1647556","benchmark_operators","127.0.0.1","void cuda_parallel_launch_constant_memory<ParallelFor<epsdivdiv_history::EpsilonDivDivKerngenV07SplitPaths<double, 3>::apply_impl(const linalg::VectorQ1Vec<double, 3> &, linalg::VectorQ1Vec<double, 3> &)::[lambda(const CudaTeamMember &) (instance 2)], TeamPolicy<>, Cuda>>()","1","16","(1, 128, 1)","(1310720, 1, 1)","0","9.0","Command line profiler metrics","dram__bytes.sum","byte","51,236,288,768"
"9","1647556","benchmark_operators","127.0.0.1","void cuda_parallel_launch_constant_memory<ParallelFor<epsdivdiv_history::EpsilonDivDivKerngenV07SplitPaths<double, 3>::apply_impl(const linalg::VectorQ1Vec<double, 3> &, linalg::VectorQ1Vec<double, 3> &)::[lambda(const CudaTeamMember &) (instance 2)], TeamPolicy<>, Cuda>>()","1","16","(1, 128, 1)","(1310720, 1, 1)","0","9.0","Command line profiler metrics","dram__bytes_read.sum","byte","12,271,128,064"
"9","1647556","benchmark_operators","127.0.0.1","void cuda_parallel_launch_constant_memory<ParallelFor<epsdivdiv_history::EpsilonDivDivKerngenV07SplitPaths<double, 3>::apply_impl(const linalg::VectorQ1Vec<double, 3> &, linalg::VectorQ1Vec<double, 3> &)::[lambda(const CudaTeamMember &) (instance 2)], TeamPolicy<>, Cuda>>()","1","16","(1, 128, 1)","(1310720, 1, 1)","0","9.0","Command line profiler metrics","dram__bytes_write.sum","byte","38,965,160,704"
"9","1647556","benchmark_operators","127.0.0.1","void cuda_parallel_launch_constant_memory<ParallelFor<epsdivdiv_history::EpsilonDivDivKerngenV07SplitPaths<double, 3>::apply_impl(const linalg::VectorQ1Vec<double, 3> &, linalg::VectorQ1Vec<double, 3> &)::[lambda(const CudaTeamMember &) (instance 2)], TeamPolicy<>, Cuda>>()","1","16","(1, 128, 1)","(1310720, 1, 1)","0","9.0","Command line profiler metrics","dram__throughput.avg.pct_of_peak_sustained_elapsed","%","29.27"
"9","1647556","benchmark_operators","127.0.0.1","void cuda_parallel_launch_constant_memory<ParallelFor<epsdivdiv_history::EpsilonDivDivKerngenV07SplitPaths<double, 3>::apply_impl(const linalg::VectorQ1Vec<double, 3> &, linalg::VectorQ1Vec<double, 3> &)::[lambda(const CudaTeamMember &) (instance 2)], TeamPolicy<>, Cuda>>()","1","16","(1, 128, 1)","(1310720, 1, 1)","0","9.0","Command line profiler metrics","gpu__compute_memory_throughput.avg.pct_of_peak_sustained_elapsed","%","83.73"
"9","1647556","benchmark_operators","127.0.0.1","void cuda_parallel_launch_constant_memory<ParallelFor<epsdivdiv_history::EpsilonDivDivKerngenV07SplitPaths<double, 3>::apply_impl(const linalg::VectorQ1Vec<double, 3> &, linalg::VectorQ1Vec<double, 3> &)::[lambda(const CudaTeamMember &) (instance 2)], TeamPolicy<>, Cuda>>()","1","16","(1, 128, 1)","(1310720, 1, 1)","0","9.0","Command line profiler metrics","gpu__time_duration.sum","ns","71,529,504"
"9","1647556","benchmark_operators","127.0.0.1","void cuda_parallel_launch_constant_memory<ParallelFor<epsdivdiv_history::EpsilonDivDivKerngenV07SplitPaths<double, 3>::apply_impl(const linalg::VectorQ1Vec<double, 3> &, linalg::VectorQ1Vec<double, 3> &)::[lambda(const CudaTeamMember &) (instance 2)], TeamPolicy<>, Cuda>>()","1","16","(1, 128, 1)","(1310720, 1, 1)","0","9.0","Command line profiler metrics","launch__registers_per_thread","register/thread","86"
"9","1647556","benchmark_operators","127.0.0.1","void cuda_parallel_launch_constant_memory<ParallelFor<epsdivdiv_history::EpsilonDivDivKerngenV07SplitPaths<double, 3>::apply_impl(const linalg::VectorQ1Vec<double, 3> &, linalg::VectorQ1Vec<double, 3> &)::[lambda(const CudaTeamMember &) (instance 2)], TeamPolicy<>, Cuda>>()","1","16","(1, 128, 1)","(1310720, 1, 1)","0","9.0","Command line profiler metrics","launch__shared_mem_per_block_allocated","byte/block","9,984"
"9","1647556","benchmark_operators","127.0.0.1","void cuda_parallel_launch_constant_memory<ParallelFor<epsdivdiv_history::EpsilonDivDivKerngenV07SplitPaths<double, 3>::apply_impl(const linalg::VectorQ1Vec<double, 3> &, linalg::VectorQ1Vec<double, 3> &)::[lambda(const CudaTeamMember &) (instance 2)], TeamPolicy<>, Cuda>>()","1","16","(1, 128, 1)","(1310720, 1, 1)","0","9.0","Command line profiler metrics","lts__t_bytes.sum","byte","377,041,049,632"
"9","1647556","benchmark_operators","127.0.0.1","void cuda_parallel_launch_constant_memory<ParallelFor<epsdivdiv_history::EpsilonDivDivKerngenV07SplitPaths<double, 3>::apply_impl(const linalg::VectorQ1Vec<double, 3> &, linalg::VectorQ1Vec<double, 3> &)::[lambda(const CudaTeamMember &) (instance 2)], TeamPolicy<>, Cuda>>()","1","16","(1, 128, 1)","(1310720, 1, 1)","0","9.0","Command line profiler metrics","lts__throughput.avg.pct_of_peak_sustained_elapsed","%","83.73"
"9","1647556","benchmark_operators","127.0.0.1","void cuda_parallel_launch_constant_memory<ParallelFor<epsdivdiv_history::EpsilonDivDivKerngenV07SplitPaths<double, 3>::apply_impl(const linalg::VectorQ1Vec<double, 3> &, linalg::VectorQ1Vec<double, 3> &)::[lambda(const CudaTeamMember &) (instance 2)], TeamPolicy<>, Cuda>>()","1","16","(1, 128, 1)","(1310720, 1, 1)","0","9.0","Command line profiler metrics","sm__throughput.avg.pct_of_peak_sustained_elapsed","%","38.97"
"9","1647556","benchmark_operators","127.0.0.1","void cuda_parallel_launch_constant_memory<ParallelFor<epsdivdiv_history::EpsilonDivDivKerngenV07SplitPaths<double, 3>::apply_impl(const linalg::VectorQ1Vec<double, 3> &, linalg::VectorQ1Vec<double, 3> &)::[lambda(const CudaTeamMember &) (instance 2)], TeamPolicy<>, Cuda>>()","1","16","(1, 128, 1)","(1310720, 1, 1)","0","9.0","Command line profiler metrics","smsp__sass_thread_inst_executed_op_dadd_pred_on.sum","inst","13,453,230,080"
"9","1647556","benchmark_operators","127.0.0.1","void cuda_parallel_launch_constant_memory<ParallelFor<epsdivdiv_history::EpsilonDivDivKerngenV07SplitPaths<double, 3>::apply_impl(const linalg::VectorQ1Vec<double, 3> &, linalg::VectorQ1Vec<double, 3> &)::[lambda(const CudaTeamMember &) (instance 2)], TeamPolicy<>, Cuda>>()","1","16","(1, 128, 1)","(1310720, 1, 1)","0","9.0","Command line profiler metrics","smsp__sass_thread_inst_executed_op_dfma_pred_on.sum","inst","162,041,692,160"
"9","1647556","benchmark_operators","127.0.0.1","void cuda_parallel_launch_constant_memory<ParallelFor<epsdivdiv_history::EpsilonDivDivKerngenV07SplitPaths<double, 3>::apply_impl(const linalg::VectorQ1Vec<double, 3> &, linalg::VectorQ1Vec<double, 3> &)::[lambda(const CudaTeamMember &) (instance 2)], TeamPolicy<>, Cuda>>()","1","16","(1, 128, 1)","(1310720, 1, 1)","0","9.0","Command line profiler metrics","smsp__sass_thread_inst_executed_op_dmul_pred_on.sum","inst","89,511,690,240"
"10","1647556","benchmark_operators","127.0.0.1","void cuda_parallel_launch_constant_memory<ParallelFor<epsdivdiv_history::EpsilonDivDivKerngenV08ScalarCoalesced<double, 3>::apply_impl(const linalg::VectorQ1Vec<double, 3> &, linalg::VectorQ1Vec<double, 3> &)::[lambda(const CudaTeamMember &) (instance 3)], TeamPolicy<>, Cuda>>()","1","16","(1, 256, 1)","(655360, 1, 1)","0","9.0","Command line profiler metrics","dram__bytes.sum","byte","14,783,141,376"
"10","1647556","benchmark_operators","127.0.0.1","void cuda_parallel_launch_constant_memory<ParallelFor<epsdivdiv_history::EpsilonDivDivKerngenV08ScalarCoalesced<double, 3>::apply_impl(const linalg::VectorQ1Vec<double, 3> &, linalg::VectorQ1Vec<double, 3> &)::[lambda(const CudaTeamMember &) (instance 3)], TeamPolicy<>, Cuda>>()","1","16","(1, 256, 1)","(655360, 1, 1)","0","9.0","Command line profiler metrics","dram__bytes_read.sum","byte","9,812,484,352"
"10","1647556","benchmark_operators","127.0.0.1","void cuda_parallel_launch_constant_memory<ParallelFor<epsdivdiv_history::EpsilonDivDivKerngenV08ScalarCoalesced<double, 3>::apply_impl(const linalg::VectorQ1Vec<double, 3> &, linalg::VectorQ1Vec<double, 3> &)::[lambda(const CudaTeamMember &) (instance 3)], TeamPolicy<>, Cuda>>()","1","16","(1, 256, 1)","(655360, 1, 1)","0","9.0","Command line profiler metrics","dram__bytes_write.sum","byte","4,970,657,024"
"10","1647556","benchmark_operators","127.0.0.1","void cuda_parallel_launch_constant_memory<ParallelFor<epsdivdiv_history::EpsilonDivDivKerngenV08ScalarCoalesced<double, 3>::apply_impl(const linalg::VectorQ1Vec<double, 3> &, linalg::VectorQ1Vec<double, 3> &)::[lambda(const CudaTeamMember &) (instance 3)], TeamPolicy<>, Cuda>>()","1","16","(1, 256, 1)","(655360, 1, 1)","0","9.0","Command line profiler metrics","dram__throughput.avg.pct_of_peak_sustained_elapsed","%","14.00"
"10","1647556","benchmark_operators","127.0.0.1","void cuda_parallel_launch_constant_memory<ParallelFor<epsdivdiv_history::EpsilonDivDivKerngenV08ScalarCoalesced<double, 3>::apply_impl(const linalg::VectorQ1Vec<double, 3> &, linalg::VectorQ1Vec<double, 3> &)::[lambda(const CudaTeamMember &) (instance 3)], TeamPolicy<>, Cuda>>()","1","16","(1, 256, 1)","(655360, 1, 1)","0","9.0","Command line profiler metrics","gpu__compute_memory_throughput.avg.pct_of_peak_sustained_elapsed","%","89.94"
"10","1647556","benchmark_operators","127.0.0.1","void cuda_parallel_launch_constant_memory<ParallelFor<epsdivdiv_history::EpsilonDivDivKerngenV08ScalarCoalesced<double, 3>::apply_impl(const linalg::VectorQ1Vec<double, 3> &, linalg::VectorQ1Vec<double, 3> &)::[lambda(const CudaTeamMember &) (instance 3)], TeamPolicy<>, Cuda>>()","1","16","(1, 256, 1)","(655360, 1, 1)","0","9.0","Command line profiler metrics","gpu__time_duration.sum","ns","43,150,976"
"10","1647556","benchmark_operators","127.0.0.1","void cuda_parallel_launch_constant_memory<ParallelFor<epsdivdiv_history::EpsilonDivDivKerngenV08ScalarCoalesced<double, 3>::apply_impl(const linalg::VectorQ1Vec<double, 3> &, linalg::VectorQ1Vec<double, 3> &)::[lambda(const CudaTeamMember &) (instance 3)], TeamPolicy<>, Cuda>>()","1","16","(1, 256, 1)","(655360, 1, 1)","0","9.0","Command line profiler metrics","launch__registers_per_thread","register/thread","118"
"10","1647556","benchmark_operators","127.0.0.1","void cuda_parallel_launch_constant_memory<ParallelFor<epsdivdiv_history::EpsilonDivDivKerngenV08ScalarCoalesced<double, 3>::apply_impl(const linalg::VectorQ1Vec<double, 3> &, linalg::VectorQ1Vec<double, 3> &)::[lambda(const CudaTeamMember &) (instance 3)], TeamPolicy<>, Cuda>>()","1","16","(1, 256, 1)","(655360, 1, 1)","0","9.0","Command line profiler metrics","launch__shared_mem_per_block_allocated","byte/block","17,536"
"10","1647556","benchmark_operators","127.0.0.1","void cuda_parallel_launch_constant_memory<ParallelFor<epsdivdiv_history::EpsilonDivDivKerngenV08ScalarCoalesced<double, 3>::apply_impl(const linalg::VectorQ1Vec<double, 3> &, linalg::VectorQ1Vec<double, 3> &)::[lambda(const CudaTeamMember &) (instance 3)], TeamPolicy<>, Cuda>>()","1","16","(1, 256, 1)","(655360, 1, 1)","0","9.0","Command line profiler metrics","lts__t_bytes.sum","byte","251,795,048,096"
"10","1647556","benchmark_operators","127.0.0.1","void cuda_parallel_launch_constant_memory<ParallelFor<epsdivdiv_history::EpsilonDivDivKerngenV08ScalarCoalesced<double, 3>::apply_impl(const linalg::VectorQ1Vec<double, 3> &, linalg::VectorQ1Vec<double, 3> &)::[lambda(const CudaTeamMember &) (instance 3)], TeamPolicy<>, Cuda>>()","1","16","(1, 256, 1)","(655360, 1, 1)","0","9.0","Command line profiler metrics","lts__throughput.avg.pct_of_peak_sustained_elapsed","%","89.94"
"10","1647556","benchmark_operators","127.0.0.1","void cuda_parallel_launch_constant_memory<ParallelFor<epsdivdiv_history::EpsilonDivDivKerngenV08ScalarCoalesced<double, 3>::apply_impl(const linalg::VectorQ1Vec<double, 3> &, linalg::VectorQ1Vec<double, 3> &)::[lambda(const CudaTeamMember &) (instance 3)], TeamPolicy<>, Cuda>>()","1","16","(1, 256, 1)","(655360, 1, 1)","0","9.0","Command line profiler metrics","sm__throughput.avg.pct_of_peak_sustained_elapsed","%","43.03"
"10","1647556","benchmark_operators","127.0.0.1","void cuda_parallel_launch_constant_memory<ParallelFor<epsdivdiv_history::EpsilonDivDivKerngenV08ScalarCoalesced<double, 3>::apply_impl(const linalg::VectorQ1Vec<double, 3> &, linalg::VectorQ1Vec<double, 3> &)::[lambda(const CudaTeamMember &) (instance 3)], TeamPolicy<>, Cuda>>()","1","16","(1, 256, 1)","(655360, 1, 1)","0","9.0","Command line profiler metrics","smsp__sass_thread_inst_executed_op_dadd_pred_on.sum","inst","17,408,983,040"
"10","1647556","benchmark_operators","127.0.0.1","void cuda_parallel_launch_constant_memory<ParallelFor<epsdivdiv_history::EpsilonDivDivKerngenV08ScalarCoalesced<double, 3>::apply_impl(const linalg::VectorQ1Vec<double, 3> &, linalg::VectorQ1Vec<double, 3> &)::[lambda(const CudaTeamMember &) (instance 3)], TeamPolicy<>, Cuda>>()","1","16","(1, 256, 1)","(655360, 1, 1)","0","9.0","Command line profiler metrics","smsp__sass_thread_inst_executed_op_dfma_pred_on.sum","inst","73,662,464,000"
"10","1647556","benchmark_operators","127.0.0.1","void cuda_parallel_launch_constant_memory<ParallelFor<epsdivdiv_history::EpsilonDivDivKerngenV08ScalarCoalesced<double, 3>::apply_impl(const linalg::VectorQ1Vec<double, 3> &, linalg::VectorQ1Vec<double, 3> &)::[lambda(const CudaTeamMember &) (instance 3)], TeamPolicy<>, Cuda>>()","1","16","(1, 256, 1)","(655360, 1, 1)","0","9.0","Command line profiler metrics","smsp__sass_thread_inst_executed_op_dmul_pred_on.sum","inst","44,580,208,640"
"11","1647556","benchmark_operators","127.0.0.1","void cuda_parallel_launch_constant_memory<ParallelFor<epsdivdiv_history::EpsilonDivDivKerngenV09SeparateScatter<double, 3>::apply_impl(const linalg::VectorQ1Vec<double, 3> &, linalg::VectorQ1Vec<double, 3> &)::[lambda(const CudaTeamMember &) (instance 5)], TeamPolicy<LaunchBounds<128, 5>>, Cuda>, 128, 5>()","1","16","(1, 128, 1)","(1310720, 1, 1)","0","9.0","Command line profiler metrics","dram__bytes.sum","byte","13,766,641,408"
"11","1647556","benchmark_operators","127.0.0.1","void cuda_parallel_launch_constant_memory<ParallelFor<epsdivdiv_history::EpsilonDivDivKerngenV09SeparateScatter<double, 3>::apply_impl(const linalg::VectorQ1Vec<double, 3> &, linalg::VectorQ1Vec<double, 3> &)::[lambda(const CudaTeamMember &) (instance 5)], TeamPolicy<LaunchBounds<128, 5>>, Cuda>, 128, 5>()","1","16","(1, 128, 1)","(1310720, 1, 1)","0","9.0","Command line profiler metrics","dram__bytes_read.sum","byte","9,699,153,920"
"11","1647556","benchmark_operators","127.0.0.1","void cuda_parallel_launch_constant_memory<ParallelFor<epsdivdiv_history::EpsilonDivDivKerngenV09SeparateScatter<double, 3>::apply_impl(const linalg::VectorQ1Vec<double, 3> &, linalg::VectorQ1Vec<double, 3> &)::[lambda(const CudaTeamMember &) (instance 5)], TeamPolicy<LaunchBounds<128, 5>>, Cuda>, 128, 5>()","1","16","(1, 128, 1)","(1310720, 1, 1)","0","9.0","Command line profiler metrics","dram__bytes_write.sum","byte","4,067,487,488"
"11","1647556","benchmark_operators","127.0.0.1","void cuda_parallel_launch_constant_memory<ParallelFor<epsdivdiv_history::EpsilonDivDivKerngenV09SeparateScatter<double, 3>::apply_impl(const linalg::VectorQ1Vec<double, 3> &, linalg::VectorQ1Vec<double, 3> &)::[lambda(const CudaTeamMember &) (instance 5)], TeamPolicy<LaunchBounds<128, 5>>, Cuda>, 128, 5>()","1","16","(1, 128, 1)","(1310720, 1, 1)","0","9.0","Command line profiler metrics","dram__throughput.avg.pct_of_peak_sustained_elapsed","%","19.03"
"11","1647556","benchmark_operators","127.0.0.1","void cuda_parallel_launch_constant_memory<ParallelFor<epsdivdiv_history::EpsilonDivDivKerngenV09SeparateScatter<double, 3>::apply_impl(const linalg::VectorQ1Vec<double, 3> &, linalg::VectorQ1Vec<double, 3> &)::[lambda(const CudaTeamMember &) (instance 5)], TeamPolicy<LaunchBounds<128, 5>>, Cuda>, 128, 5>()","1","16","(1, 128, 1)","(1310720, 1, 1)","0","9.0","Command line profiler metrics","gpu__compute_memory_throughput.avg.pct_of_peak_sustained_elapsed","%","80.53"
"11","1647556","benchmark_operators","127.0.0.1","void cuda_parallel_launch_constant_memory<ParallelFor<epsdivdiv_history::EpsilonDivDivKerngenV09SeparateScatter<double, 3>::apply_impl(const linalg::VectorQ1Vec<double, 3> &, linalg::VectorQ1Vec<double, 3> &)::[lambda(const CudaTeamMember &) (instance 5)], TeamPolicy<LaunchBounds<128, 5>>, Cuda>, 128, 5>()","1","16","(1, 128, 1)","(1310720, 1, 1)","0","9.0","Command line profiler metrics","gpu__time_duration.sum","ns","29,570,944"
"11","1647556","benchmark_operators","127.0.0.1","void cuda_parallel_launch_constant_memory<ParallelFor<epsdivdiv_history::EpsilonDivDivKerngenV09SeparateScatter<double, 3>::apply_impl(const linalg::VectorQ1Vec<double, 3> &, linalg::VectorQ1Vec<double, 3> &)::[lambda(const CudaTeamMember &) (instance 5)], TeamPolicy<LaunchBounds<128, 5>>, Cuda>, 128, 5>()","1","16","(1, 128, 1)","(1310720, 1, 1)","0","9.0","Command line profiler metrics","launch__registers_per_thread","register/thread","96"
"11","1647556","benchmark_operators","127.0.0.1","void cuda_parallel_launch_constant_memory<ParallelFor<epsdivdiv_history::EpsilonDivDivKerngenV09SeparateScatter<double, 3>::apply_impl(const linalg::VectorQ1Vec<double, 3> &, linalg::VectorQ1Vec<double, 3> &)::[lambda(const CudaTeamMember &) (instance 5)], TeamPolicy<LaunchBounds<128, 5>>, Cuda>, 128, 5>()","1","16","(1, 128, 1)","(1310720, 1, 1)","0","9.0","Command line profiler metrics","launch__shared_mem_per_block_allocated","byte/block","9,984"
"11","1647556","benchmark_operators","127.0.0.1","void cuda_parallel_launch_constant_memory<ParallelFor<epsdivdiv_history::EpsilonDivDivKerngenV09SeparateScatter<double, 3>::apply_impl(const linalg::VectorQ1Vec<double, 3> &, linalg::VectorQ1Vec<double, 3> &)::[lambda(const CudaTeamMember &) (instance 5)], TeamPolicy<LaunchBounds<128, 5>>, Cuda>, 128, 5>()","1","16","(1, 128, 1)","(1310720, 1, 1)","0","9.0","Command line profiler metrics","lts__t_bytes.sum","byte","128,294,048,928"
"11","1647556","benchmark_operators","127.0.0.1","void cuda_parallel_launch_constant_memory<ParallelFor<epsdivdiv_history::EpsilonDivDivKerngenV09SeparateScatter<double, 3>::apply_impl(const linalg::VectorQ1Vec<double, 3> &, linalg::VectorQ1Vec<double, 3> &)::[lambda(const CudaTeamMember &) (instance 5)], TeamPolicy<LaunchBounds<128, 5>>, Cuda>, 128, 5>()","1","16","(1, 128, 1)","(1310720, 1, 1)","0","9.0","Command line profiler metrics","lts__throughput.avg.pct_of_peak_sustained_elapsed","%","80.53"
"11","1647556","benchmark_operators","127.0.0.1","void cuda_parallel_launch_constant_memory<ParallelFor<epsdivdiv_history::EpsilonDivDivKerngenV09SeparateScatter<double, 3>::apply_impl(const linalg::VectorQ1Vec<double, 3> &, linalg::VectorQ1Vec<double, 3> &)::[lambda(const CudaTeamMember &) (instance 5)], TeamPolicy<LaunchBounds<128, 5>>, Cuda>, 128, 5>()","1","16","(1, 128, 1)","(1310720, 1, 1)","0","9.0","Command line profiler metrics","sm__throughput.avg.pct_of_peak_sustained_elapsed","%","62.79"
"11","1647556","benchmark_operators","127.0.0.1","void cuda_parallel_launch_constant_memory<ParallelFor<epsdivdiv_history::EpsilonDivDivKerngenV09SeparateScatter<double, 3>::apply_impl(const linalg::VectorQ1Vec<double, 3> &, linalg::VectorQ1Vec<double, 3> &)::[lambda(const CudaTeamMember &) (instance 5)], TeamPolicy<LaunchBounds<128, 5>>, Cuda>, 128, 5>()","1","16","(1, 128, 1)","(1310720, 1, 1)","0","9.0","Command line profiler metrics","smsp__sass_thread_inst_executed_op_dadd_pred_on.sum","inst","17,408,983,040"
"11","1647556","benchmark_operators","127.0.0.1","void cuda_parallel_launch_constant_memory<ParallelFor<epsdivdiv_history::EpsilonDivDivKerngenV09SeparateScatter<double, 3>::apply_impl(const linalg::VectorQ1Vec<double, 3> &, linalg::VectorQ1Vec<double, 3> &)::[lambda(const CudaTeamMember &) (instance 5)], TeamPolicy<LaunchBounds<128, 5>>, Cuda>, 128, 5>()","1","16","(1, 128, 1)","(1310720, 1, 1)","0","9.0","Command line profiler metrics","smsp__sass_thread_inst_executed_op_dfma_pred_on.sum","inst","67,622,666,240"
"11","1647556","benchmark_operators","127.0.0.1","void cuda_parallel_launch_constant_memory<ParallelFor<epsdivdiv_history::EpsilonDivDivKerngenV09SeparateScatter<double, 3>::apply_impl(const linalg::VectorQ1Vec<double, 3> &, linalg::VectorQ1Vec<double, 3> &)::[lambda(const CudaTeamMember &) (instance 5)], TeamPolicy<LaunchBounds<128, 5>>, Cuda>, 128, 5>()","1","16","(1, 128, 1)","(1310720, 1, 1)","0","9.0","Command line profiler metrics","smsp__sass_thread_inst_executed_op_dmul_pred_on.sum","inst","50,620,006,400"
"12","1647556","benchmark_operators","127.0.0.1","void cuda_parallel_launch_constant_memory<ParallelFor<epsdivdiv_history::EpsilonDivDivKerngenV10SeqRpasses<double, 3>::apply_impl(const linalg::VectorQ1Vec<double, 3> &, linalg::VectorQ1Vec<double, 3> &)::[lambda(const CudaTeamMember &) (instance 5)], TeamPolicy<LaunchBounds<128, 5>>, Cuda>, 128, 5>()","1","16","(1, 128, 1)","(655360, 1, 1)","0","9.0","Command line profiler metrics","dram__bytes.sum","byte","13,839,570,432"
"12","1647556","benchmark_operators","127.0.0.1","void cuda_parallel_launch_constant_memory<ParallelFor<epsdivdiv_history::EpsilonDivDivKerngenV10SeqRpasses<double, 3>::apply_impl(const linalg::VectorQ1Vec<double, 3> &, linalg::VectorQ1Vec<double, 3> &)::[lambda(const CudaTeamMember &) (instance 5)], TeamPolicy<LaunchBounds<128, 5>>, Cuda>, 128, 5>()","1","16","(1, 128, 1)","(655360, 1, 1)","0","9.0","Command line profiler metrics","dram__bytes_read.sum","byte","9,709,581,824"
"12","1647556","benchmark_operators","127.0.0.1","void cuda_parallel_launch_constant_memory<ParallelFor<epsdivdiv_history::EpsilonDivDivKerngenV10SeqRpasses<double, 3>::apply_impl(const linalg::VectorQ1Vec<double, 3> &, linalg::VectorQ1Vec<double, 3> &)::[lambda(const CudaTeamMember &) (instance 5)], TeamPolicy<LaunchBounds<128, 5>>, Cuda>, 128, 5>()","1","16","(1, 128, 1)","(655360, 1, 1)","0","9.0","Command line profiler metrics","dram__bytes_write.sum","byte","4,129,988,608"
"12","1647556","benchmark_operators","127.0.0.1","void cuda_parallel_launch_constant_memory<ParallelFor<epsdivdiv_history::EpsilonDivDivKerngenV10SeqRpasses<double, 3>::apply_impl(const linalg::VectorQ1Vec<double, 3> &, linalg::VectorQ1Vec<double, 3> &)::[lambda(const CudaTeamMember &) (instance 5)], TeamPolicy<LaunchBounds<128, 5>>, Cuda>, 128, 5>()","1","16","(1, 128, 1)","(655360, 1, 1)","0","9.0","Command line profiler metrics","dram__throughput.avg.pct_of_peak_sustained_elapsed","%","19.87"
"12","1647556","benchmark_operators","127.0.0.1","void cuda_parallel_launch_constant_memory<ParallelFor<epsdivdiv_history::EpsilonDivDivKerngenV10SeqRpasses<double, 3>::apply_impl(const linalg::VectorQ1Vec<double, 3> &, linalg::VectorQ1Vec<double, 3> &)::[lambda(const CudaTeamMember &) (instance 5)], TeamPolicy<LaunchBounds<128, 5>>, Cuda>, 128, 5>()","1","16","(1, 128, 1)","(655360, 1, 1)","0","9.0","Command line profiler metrics","gpu__compute_memory_throughput.avg.pct_of_peak_sustained_elapsed","%","84.68"
"12","1647556","benchmark_operators","127.0.0.1","void cuda_parallel_launch_constant_memory<ParallelFor<epsdivdiv_history::EpsilonDivDivKerngenV10SeqRpasses<double, 3>::apply_impl(const linalg::VectorQ1Vec<double, 3> &, linalg::VectorQ1Vec<double, 3> &)::[lambda(const CudaTeamMember &) (instance 5)], TeamPolicy<LaunchBounds<128, 5>>, Cuda>, 128, 5>()","1","16","(1, 128, 1)","(655360, 1, 1)","0","9.0","Command line profiler metrics","gpu__time_duration.sum","ns","28,458,528"
"12","1647556","benchmark_operators","127.0.0.1","void cuda_parallel_launch_constant_memory<ParallelFor<epsdivdiv_history::EpsilonDivDivKerngenV10SeqRpasses<double, 3>::apply_impl(const linalg::VectorQ1Vec<double, 3> &, linalg::VectorQ1Vec<double, 3> &)::[lambda(const CudaTeamMember &) (instance 5)], TeamPolicy<LaunchBounds<128, 5>>, Cuda>, 128, 5>()","1","16","(1, 128, 1)","(655360, 1, 1)","0","9.0","Command line profiler metrics","launch__registers_per_thread","register/thread","96"
"12","1647556","benchmark_operators","127.0.0.1","void cuda_parallel_launch_constant_memory<ParallelFor<epsdivdiv_history::EpsilonDivDivKerngenV10SeqRpasses<double, 3>::apply_impl(const linalg::VectorQ1Vec<double, 3> &, linalg::VectorQ1Vec<double, 3> &)::[lambda(const CudaTeamMember &) (instance 5)], TeamPolicy<LaunchBounds<128, 5>>, Cuda>, 128, 5>()","1","16","(1, 128, 1)","(655360, 1, 1)","0","9.0","Command line profiler metrics","launch__shared_mem_per_block_allocated","byte/block","16,512"
"12","1647556","benchmark_operators","127.0.0.1","void cuda_parallel_launch_constant_memory<ParallelFor<epsdivdiv_history::EpsilonDivDivKerngenV10SeqRpasses<double, 3>::apply_impl(const linalg::VectorQ1Vec<double, 3> &, linalg::VectorQ1Vec<double, 3> &)::[lambda(const CudaTeamMember &) (instance 5)], TeamPolicy<LaunchBounds<128, 5>>, Cuda>, 128, 5>()","1","16","(1, 128, 1)","(655360, 1, 1)","0","9.0","Command line profiler metrics","lts__t_bytes.sum","byte","131,121,866,784"
"12","1647556","benchmark_operators","127.0.0.1","void cuda_parallel_launch_constant_memory<ParallelFor<epsdivdiv_history::EpsilonDivDivKerngenV10SeqRpasses<double, 3>::apply_impl(const linalg::VectorQ1Vec<double, 3> &, linalg::VectorQ1Vec<double, 3> &)::[lambda(const CudaTeamMember &) (instance 5)], TeamPolicy<LaunchBounds<128, 5>>, Cuda>, 128, 5>()","1","16","(1, 128, 1)","(655360, 1, 1)","0","9.0","Command line profiler metrics","lts__throughput.avg.pct_of_peak_sustained_elapsed","%","84.68"
"12","1647556","benchmark_operators","127.0.0.1","void cuda_parallel_launch_constant_memory<ParallelFor<epsdivdiv_history::EpsilonDivDivKerngenV10SeqRpasses<double, 3>::apply_impl(const linalg::VectorQ1Vec<double, 3> &, linalg::VectorQ1Vec<double, 3> &)::[lambda(const CudaTeamMember &) (instance 5)], TeamPolicy<LaunchBounds<128, 5>>, Cuda>, 128, 5>()","1","16","(1, 128, 1)","(655360, 1, 1)","0","9.0","Command line profiler metrics","sm__throughput.avg.pct_of_peak_sustained_elapsed","%","61.63"
"12","1647556","benchmark_operators","127.0.0.1","void cuda_parallel_launch_constant_memory<ParallelFor<epsdivdiv_history::EpsilonDivDivKerngenV10SeqRpasses<double, 3>::apply_impl(const linalg::VectorQ1Vec<double, 3> &, linalg::VectorQ1Vec<double, 3> &)::[lambda(const CudaTeamMember &) (instance 5)], TeamPolicy<LaunchBounds<128, 5>>, Cuda>, 128, 5>()","1","16","(1, 128, 1)","(655360, 1, 1)","0","9.0","Command line profiler metrics","smsp__sass_thread_inst_executed_op_dadd_pred_on.sum","inst","17,408,983,040"
"12","1647556","benchmark_operators","127.0.0.1","void cuda_parallel_launch_constant_memory<ParallelFor<epsdivdiv_history::EpsilonDivDivKerngenV10SeqRpasses<double, 3>::apply_impl(const linalg::VectorQ1Vec<double, 3> &, linalg::VectorQ1Vec<double, 3> &)::[lambda(const CudaTeamMember &) (instance 5)], TeamPolicy<LaunchBounds<128, 5>>, Cuda>, 128, 5>()","1","16","(1, 128, 1)","(655360, 1, 1)","0","9.0","Command line profiler metrics","smsp__sass_thread_inst_executed_op_dfma_pred_on.sum","inst","67,622,666,240"
"12","1647556","benchmark_operators","127.0.0.1","void cuda_parallel_launch_constant_memory<ParallelFor<epsdivdiv_history::EpsilonDivDivKerngenV10SeqRpasses<double, 3>::apply_impl(const linalg::VectorQ1Vec<double, 3> &, linalg::VectorQ1Vec<double, 3> &)::[lambda(const CudaTeamMember &) (instance 5)], TeamPolicy<LaunchBounds<128, 5>>, Cuda>, 128, 5>()","1","16","(1, 128, 1)","(655360, 1, 1)","0","9.0","Command line profiler metrics","smsp__sass_thread_inst_executed_op_dmul_pred_on.sum","inst","50,620,006,400"
"13","1647556","benchmark_operators","127.0.0.1","void cuda_parallel_launch_constant_memory<ParallelFor<EpsilonDivDivKerngen<double, 3>::apply_impl(const linalg::VectorQ1Vec<double, 3> &, linalg::VectorQ1Vec<double, 3> &)::[lambda(const CudaTeamMember &) (instance 5)], TeamPolicy<LaunchBounds<128, 6>>, Cuda>, 128, 6>()","1","16","(1, 128, 1)","(655360, 1, 1)","0","9.0","Command line profiler metrics","dram__bytes.sum","byte","14,384,389,632"
"13","1647556","benchmark_operators","127.0.0.1","void cuda_parallel_launch_constant_memory<ParallelFor<EpsilonDivDivKerngen<double, 3>::apply_impl(const linalg::VectorQ1Vec<double, 3> &, linalg::VectorQ1Vec<double, 3> &)::[lambda(const CudaTeamMember &) (instance 5)], TeamPolicy<LaunchBounds<128, 6>>, Cuda>, 128, 6>()","1","16","(1, 128, 1)","(655360, 1, 1)","0","9.0","Command line profiler metrics","dram__bytes_read.sum","byte","9,766,137,088"
"13","1647556","benchmark_operators","127.0.0.1","void cuda_parallel_launch_constant_memory<ParallelFor<EpsilonDivDivKerngen<double, 3>::apply_impl(const linalg::VectorQ1Vec<double, 3> &, linalg::VectorQ1Vec<double, 3> &)::[lambda(const CudaTeamMember &) (instance 5)], TeamPolicy<LaunchBounds<128, 6>>, Cuda>, 128, 6>()","1","16","(1, 128, 1)","(655360, 1, 1)","0","9.0","Command line profiler metrics","dram__bytes_write.sum","byte","4,618,252,544"
"13","1647556","benchmark_operators","127.0.0.1","void cuda_parallel_launch_constant_memory<ParallelFor<EpsilonDivDivKerngen<double, 3>::apply_impl(const linalg::VectorQ1Vec<double, 3> &, linalg::VectorQ1Vec<double, 3> &)::[lambda(const CudaTeamMember &) (instance 5)], TeamPolicy<LaunchBounds<128, 6>>, Cuda>, 128, 6>()","1","16","(1, 128, 1)","(655360, 1, 1)","0","9.0","Command line profiler metrics","dram__throughput.avg.pct_of_peak_sustained_elapsed","%","19.53"
"13","1647556","benchmark_operators","127.0.0.1","void cuda_parallel_launch_constant_memory<ParallelFor<EpsilonDivDivKerngen<double, 3>::apply_impl(const linalg::VectorQ1Vec<double, 3> &, linalg::VectorQ1Vec<double, 3> &)::[lambda(const CudaTeamMember &) (instance 5)], TeamPolicy<LaunchBounds<128, 6>>, Cuda>, 128, 6>()","1","16","(1, 128, 1)","(655360, 1, 1)","0","9.0","Command line profiler metrics","gpu__compute_memory_throughput.avg.pct_of_peak_sustained_elapsed","%","83.69"
"13","1647556","benchmark_operators","127.0.0.1","void cuda_parallel_launch_constant_memory<ParallelFor<EpsilonDivDivKerngen<double, 3>::apply_impl(const linalg::VectorQ1Vec<double, 3> &, linalg::VectorQ1Vec<double, 3> &)::[lambda(const CudaTeamMember &) (instance 5)], TeamPolicy<LaunchBounds<128, 6>>, Cuda>, 128, 6>()","1","16","(1, 128, 1)","(655360, 1, 1)","0","9.0","Command line profiler metrics","gpu__time_duration.sum","ns","30,107,552"
"13","1647556","benchmark_operators","127.0.0.1","void cuda_parallel_launch_constant_memory<ParallelFor<EpsilonDivDivKerngen<double, 3>::apply_impl(const linalg::VectorQ1Vec<double, 3> &, linalg::VectorQ1Vec<double, 3> &)::[lambda(const CudaTeamMember &) (instance 5)], TeamPolicy<LaunchBounds<128, 6>>, Cuda>, 128, 6>()","1","16","(1, 128, 1)","(655360, 1, 1)","0","9.0","Command line profiler metrics","launch__registers_per_thread","register/thread","80"
"13","1647556","benchmark_operators","127.0.0.1","void cuda_parallel_launch_constant_memory<ParallelFor<EpsilonDivDivKerngen<double, 3>::apply_impl(const linalg::VectorQ1Vec<double, 3> &, linalg::VectorQ1Vec<double, 3> &)::[lambda(const CudaTeamMember &) (instance 5)], TeamPolicy<LaunchBounds<128, 6>>, Cuda>, 128, 6>()","1","16","(1, 128, 1)","(655360, 1, 1)","0","9.0","Command line profiler metrics","launch__shared_mem_per_block_allocated","byte/block","16,512"
"13","1647556","benchmark_operators","127.0.0.1","void cuda_parallel_launch_constant_memory<ParallelFor<EpsilonDivDivKerngen<double, 3>::apply_impl(const linalg::VectorQ1Vec<double, 3> &, linalg::VectorQ1Vec<double, 3> &)::[lambda(const CudaTeamMember &) (instance 5)], TeamPolicy<LaunchBounds<128, 6>>, Cuda>, 128, 6>()","1","16","(1, 128, 1)","(655360, 1, 1)","0","9.0","Command line profiler metrics","lts__t_bytes.sum","byte","139,801,753,920"
"13","1647556","benchmark_operators","127.0.0.1","void cuda_parallel_launch_constant_memory<ParallelFor<EpsilonDivDivKerngen<double, 3>::apply_impl(const linalg::VectorQ1Vec<double, 3> &, linalg::VectorQ1Vec<double, 3> &)::[lambda(const CudaTeamMember &) (instance 5)], TeamPolicy<LaunchBounds<128, 6>>, Cuda>, 128, 6>()","1","16","(1, 128, 1)","(655360, 1, 1)","0","9.0","Command line profiler metrics","lts__throughput.avg.pct_of_peak_sustained_elapsed","%","83.69"
"13","1647556","benchmark_operators","127.0.0.1","void cuda_parallel_launch_constant_memory<ParallelFor<EpsilonDivDivKerngen<double, 3>::apply_impl(const linalg::VectorQ1Vec<double, 3> &, linalg::VectorQ1Vec<double, 3> &)::[lambda(const CudaTeamMember &) (instance 5)], TeamPolicy<LaunchBounds<128, 6>>, Cuda>, 128, 6>()","1","16","(1, 128, 1)","(655360, 1, 1)","0","9.0","Command line profiler metrics","sm__throughput.avg.pct_of_peak_sustained_elapsed","%","63.89"
"13","1647556","benchmark_operators","127.0.0.1","void cuda_parallel_launch_constant_memory<ParallelFor<EpsilonDivDivKerngen<double, 3>::apply_impl(const linalg::VectorQ1Vec<double, 3> &, linalg::VectorQ1Vec<double, 3> &)::[lambda(const CudaTeamMember &) (instance 5)], TeamPolicy<LaunchBounds<128, 6>>, Cuda>, 128, 6>()","1","16","(1, 128, 1)","(655360, 1, 1)","0","9.0","Command line profiler metrics","smsp__sass_thread_inst_executed_op_dadd_pred_on.sum","inst","24,423,956,480"
"13","1647556","benchmark_operators","127.0.0.1","void cuda_parallel_launch_constant_memory<ParallelFor<EpsilonDivDivKerngen<double, 3>::apply_impl(const linalg::VectorQ1Vec<double, 3> &, linalg::VectorQ1Vec<double, 3> &)::[lambda(const CudaTeamMember &) (instance 5)], TeamPolicy<LaunchBounds<128, 6>>, Cuda>, 128, 6>()","1","16","(1, 128, 1)","(655360, 1, 1)","0","9.0","Command line profiler metrics","smsp__sass_thread_inst_executed_op_dfma_pred_on.sum","inst","59,273,379,840"
"13","1647556","benchmark_operators","127.0.0.1","void cuda_parallel_launch_constant_memory<ParallelFor<EpsilonDivDivKerngen<double, 3>::apply_impl(const linalg::VectorQ1Vec<double, 3> &, linalg::VectorQ1Vec<double, 3> &)::[lambda(const CudaTeamMember &) (instance 5)], TeamPolicy<LaunchBounds<128, 6>>, Cuda>, 128, 6>()","1","16","(1, 128, 1)","(655360, 1, 1)","0","9.0","Command line profiler metrics","smsp__sass_thread_inst_executed_op_dmul_pred_on.sum","inst","43,924,848,640"
